id;organization_name;designation;job_responsibility;from_date;to_date;currently_working
1;Investment Account Technician networks;benchmark;../fake-data/blob/hipster.txt;2020-09-19;2020-09-19;true
2;Shirt Lake;SCSI iterate;../fake-data/blob/hipster.txt;2020-09-19;2020-09-19;false
3;Security silver;wireless Illinois Guyana Dollar;../fake-data/blob/hipster.txt;2020-09-20;2020-09-19;false
4;Generic Frozen Table capability;calculate initiatives;../fake-data/blob/hipster.txt;2020-09-19;2020-09-19;false
5;Creative;B2C optical Practical Steel Bacon;../fake-data/blob/hipster.txt;2020-09-19;2020-09-20;true
6;Buckinghamshire Movies;capacitor;../fake-data/blob/hipster.txt;2020-09-19;2020-09-19;false
7;primary;Fields Afghani;../fake-data/blob/hipster.txt;2020-09-19;2020-09-20;false
8;silver Dominican Peso Personal Loan Account;sensor Fundamental Clothing;../fake-data/blob/hipster.txt;2020-09-20;2020-09-19;true
9;Pennsylvania clicks-and-mortar Facilitator;Springs Inverse;../fake-data/blob/hipster.txt;2020-09-19;2020-09-19;false
10;Delaware;Belarussian Ruble Savings Account;../fake-data/blob/hipster.txt;2020-09-19;2020-09-19;true
