id;application_serial;full_name;first_name;middle_name;last_name;father_name;mother_name;gender;religion;nationality;date_of_birth;place_of_birth;mobile_number;email_address;marital_status
1;26154;website;Athena;Vermont invoice programming;Haley;Kids copying web-readiness;array Profound;MALE;OTHER;lime Money Market Account;2020-09-19;withdrawal Enterprise-wide Greece;Buckinghamshire Metal;Direct programming;MARRIED
2;59695;connecting transmitting;Kirstin;Buckinghamshire microchip;Kovacek;multi-tasking port;Money Market Account Fantastic;MALE;OTHER;Virgin Islands, British;2020-09-19;Wyoming neural synergies;Automotive Loop Gorgeous Plastic Chair;Pizza Netherlands Antillian Guilder bypassing;MARRIED
3;53677;mobile Unbranded Soft Cheese Intelligent;Camron;back up;Goodwin;Auto Loan Account Automotive;extensible Technician interfaces;OTHERS;HINDU;bi-directional Borders Salad;2020-09-19;azure Route;wireless Sausages;discrete multi-byte;MARRIED
4;67267;communities SMS;Bria;Lari;Wiegand;Guyana Dollar transmit;infomediaries primary;FEMALE;ISLAM;ADP;2020-09-19;payment 1080p Strategist;deposit quantifying;Metal Orchestrator;UNMARRIED
5;92751;Customizable Chicken 24/7;Orland;TCP Keyboard;Rogahn;collaborative Money Market Account calculate;Sleek;FEMALE;HINDU;Unbranded Berkshire;2020-09-20;web services Toys Tasty;Dynamic;deposit pixel;MARRIED
6;40100;Streets Home Loan Account;Ryan;Switzerland;Nitzsche;Soft Configuration Tools;Reactive Interactions methodologies;MALE;OTHER;mobile;2020-09-19;indexing Customer Chips;Avon Avon;HDD Bedfordshire;UNMARRIED
7;87772;Wyoming;Celestine;global parsing;Jerde;1080p;Washington;FEMALE;OTHER;Customer Somali Shilling;2020-09-20;killer;Grass-roots;turn-key;MARRIED
8;94881;deposit Wooden magnetic;Moises;static French Southern Territories hack;Carter;bypass;overriding;OTHERS;CHRISTIAN;Small Auto Loan Account whiteboard;2020-09-19;program;protocol Books;Argentine Peso Orchard;MARRIED
9;42525;24 hour;Talia;Director;McLaughlin;Madagascar Brunei Darussalam Peru;bluetooth Designer;OTHERS;ISLAM;paradigm;2020-09-20;EXE leverage;utilisation redundant;Bedfordshire Security;UNMARRIED
10;82642;auxiliary Forint;Orrin;infomediaries;Cremin;Optimization;Cayman Islands Dollar Beauty;MALE;OTHER;Soft;2020-09-19;parse Aruba Wyoming;1080p Bahamian Dollar Borders;Incredible;MARRIED
